{
    "eccentricity": [
        0.8213524884203434,
        0.006277398237267509
    ],
    "radius": [
        80.63625081380208,
        1.5814586305136065
    ]
}